username,password,prn,firstName,lastName,email,mobile,gender,profilePictureUrl
250240120001,250240120001,250240120001,Student,User1,dac1001@campuscloud.in,9300000001,MALE,https://campus-cloud-bucket.s3.amazonaws.com/profile-pics/250240120001.jpg
250240120002,250240120002,250240120002,Student,User2,dac1002@campuscloud.in,9300000002,FEMALE,https://campus-cloud-bucket.s3.amazonaws.com/profile-pics/250240120002.jpg
250240120003,250240120003,250240120003,Student,User3,dac1003@campuscloud.in,9300000003,MALE,https://campus-cloud-bucket.s3.amazonaws.com/profile-pics/250240120003.jpg
250240120004,250240120004,250240120004,Student,User4,dac1004@campuscloud.in,9300000004,FEMALE,https://campus-cloud-bucket.s3.amazonaws.com/profile-pics/250240120004.jpg
250240120005,250240120005,250240120005,Student,User5,dac1005@campuscloud.in,9300000005,MALE,https://campus-cloud-bucket.s3.amazonaws.com/profile-pics/250240120005.jpg
250240120006,250240120006,250240120006,Student,User6,dac1006@campuscloud.in,9300000006,FEMALE,https://campus-cloud-bucket.s3.amazonaws.com/profile-pics/250240120006.jpg
250240120007,250240120007,250240120007,Student,User7,dac1007@campuscloud.in,9300000007,MALE,https://campus-cloud-bucket.s3.amazonaws.com/profile-pics/250240120007.jpg
250240120008,250240120008,250240120008,Student,User8,dac1008@campuscloud.in,9300000008,FEMALE,https://campus-cloud-bucket.s3.amazonaws.com/profile-pics/250240120008.jpg
250240120009,250240120009,250240120009,Student,User9,dac1009@campuscloud.in,9300000009,MALE,https://campus-cloud-bucket.s3.amazonaws.com/profile-pics/250240120009.jpg
250240120010,250240120010,250240120010,Student,User10,dac1010@campuscloud.in,9300000010,FEMALE,https://campus-cloud-bucket.s3.amazonaws.com/profile-pics/250240120010.jpg
250240120011,250240120011,250240120011,Student,User11,dac1011@campuscloud.in,9300000011,MALE,https://campus-cloud-bucket.s3.amazonaws.com/profile-pics/250240120011.jpg
250240120012,250240120012,250240120012,Student,User12,dac1012@campuscloud.in,9300000012,FEMALE,https://campus-cloud-bucket.s3.amazonaws.com/profile-pics/250240120012.jpg
250240120013,250240120013,250240120013,Student,User13,dac1013@campuscloud.in,9300000013,MALE,https://campus-cloud-bucket.s3.amazonaws.com/profile-pics/250240120013.jpg
250240120014,250240120014,250240120014,Student,User14,dac1014@campuscloud.in,9300000014,FEMALE,https://campus-cloud-bucket.s3.amazonaws.com/profile-pics/250240120014.jpg
250240120015,250240120015,250240120015,Student,User15,dac1015@campuscloud.in,9300000015,MALE,https://campus-cloud-bucket.s3.amazonaws.com/profile-pics/250240120015.jpg
250240120016,250240120016,250240120016,Student,User16,dac1016@campuscloud.in,9300000016,FEMALE,https://campus-cloud-bucket.s3.amazonaws.com/profile-pics/250240120016.jpg
250240120017,250240120017,250240120017,Student,User17,dac1017@campuscloud.in,9300000017,MALE,https://campus-cloud-bucket.s3.amazonaws.com/profile-pics/250240120017.jpg
250240120018,250240120018,250240120018,Student,User18,dac1018@campuscloud.in,9300000018,FEMALE,https://campus-cloud-bucket.s3.amazonaws.com/profile-pics/250240120018.jpg
250240120019,250240120019,250240120019,Student,User19,dac1019@campuscloud.in,9300000019,MALE,https://campus-cloud-bucket.s3.amazonaws.com/profile-pics/250240120019.jpg
250240120020,250240120020,250240120020,Student,User20,dac1020@campuscloud.in,9300000020,FEMALE,https://campus-cloud-bucket.s3.amazonaws.com/profile-pics/250240120020.jpg
250240120021,250240120021,250240120021,Student,User21,dac1021@campuscloud.in,9300000021,MALE,https://campus-cloud-bucket.s3.amazonaws.com/profile-pics/250240120021.jpg
250240120022,250240120022,250240120022,Student,User22,dac1022@campuscloud.in,9300000022,FEMALE,https://campus-cloud-bucket.s3.amazonaws.com/profile-pics/250240120022.jpg
250240120023,250240120023,250240120023,Student,User23,dac1023@campuscloud.in,9300000023,MALE,https://campus-cloud-bucket.s3.amazonaws.com/profile-pics/250240120023.jpg
250240120024,250240120024,250240120024,Student,User24,dac1024@campuscloud.in,9300000024,FEMALE,https://campus-cloud-bucket.s3.amazonaws.com/profile-pics/250240120024.jpg
250240120025,250240120025,250240120025,Student,User25,dac1025@campuscloud.in,9300000025,MALE,https://campus-cloud-bucket.s3.amazonaws.com/profile-pics/250240120025.jpg
250240120026,250240120026,250240120026,Student,User26,dac1026@campuscloud.in,9300000026,FEMALE,https://campus-cloud-bucket.s3.amazonaws.com/profile-pics/250240120026.jpg
250240120027,250240120027,250240120027,Student,User27,dac1027@campuscloud.in,9300000027,MALE,https://campus-cloud-bucket.s3.amazonaws.com/profile-pics/250240120027.jpg
250240120028,250240120028,250240120028,Student,User28,dac1028@campuscloud.in,9300000028,FEMALE,https://campus-cloud-bucket.s3.amazonaws.com/profile-pics/250240120028.jpg
250240120029,250240120029,250240120029,Student,User29,dac1029@campuscloud.in,9300000029,MALE,https://campus-cloud-bucket.s3.amazonaws.com/profile-pics/250240120029.jpg
250240120030,250240120030,250240120030,Student,User30,dac1030@campuscloud.in,9300000030,FEMALE,https://campus-cloud-bucket.s3.amazonaws.com/profile-pics/250240120030.jpg
250240120031,250240120031,250240120031,Student,User31,dac1031@campuscloud.in,9300000031,MALE,https://campus-cloud-bucket.s3.amazonaws.com/profile-pics/250240120031.jpg
250240120032,250240120032,250240120032,Student,User32,dac1032@campuscloud.in,9300000032,FEMALE,https://campus-cloud-bucket.s3.amazonaws.com/profile-pics/250240120032.jpg
250240120033,250240120033,250240120033,Student,User33,dac1033@campuscloud.in,9300000033,MALE,https://campus-cloud-bucket.s3.amazonaws.com/profile-pics/250240120033.jpg
250240120034,250240120034,250240120034,Student,User34,dac1034@campuscloud.in,9300000034,FEMALE,https://campus-cloud-bucket.s3.amazonaws.com/profile-pics/250240120034.jpg
250240120035,250240120035,250240120035,Student,User35,dac1035@campuscloud.in,9300000035,MALE,https://campus-cloud-bucket.s3.amazonaws.com/profile-pics/250240120035.jpg
250240120036,250240120036,250240120036,Student,User36,dac1036@campuscloud.in,9300000036,FEMALE,https://campus-cloud-bucket.s3.amazonaws.com/profile-pics/250240120036.jpg
250240120037,250240120037,250240120037,Student,User37,dac1037@campuscloud.in,9300000037,MALE,https://campus-cloud-bucket.s3.amazonaws.com/profile-pics/250240120037.jpg
250240120038,250240120038,250240120038,Student,User38,dac1038@campuscloud.in,9300000038,FEMALE,https://campus-cloud-bucket.s3.amazonaws.com/profile-pics/250240120038.jpg
250240120039,250240120039,250240120039,Student,User39,dac1039@campuscloud.in,9300000039,MALE,https://campus-cloud-bucket.s3.amazonaws.com/profile-pics/250240120039.jpg
250240120040,250240120040,250240120040,Student,User40,dac1040@campuscloud.in,9300000040,FEMALE,https://campus-cloud-bucket.s3.amazonaws.com/profile-pics/250240120040.jpg
250240120041,250240120041,250240120041,Student,User41,dac1041@campuscloud.in,9300000041,MALE,https://campus-cloud-bucket.s3.amazonaws.com/profile-pics/250240120041.jpg
250240120042,250240120042,250240120042,Student,User42,dac1042@campuscloud.in,9300000042,FEMALE,https://campus-cloud-bucket.s3.amazonaws.com/profile-pics/250240120042.jpg
250240120043,250240120043,250240120043,Student,User43,dac1043@campuscloud.in,9300000043,MALE,https://campus-cloud-bucket.s3.amazonaws.com/profile-pics/250240120043.jpg
250240120044,250240120044,250240120044,Student,User44,dac1044@campuscloud.in,9300000044,FEMALE,https://campus-cloud-bucket.s3.amazonaws.com/profile-pics/250240120044.jpg
250240120045,250240120045,250240120045,Student,User45,dac1045@campuscloud.in,9300000045,MALE,https://campus-cloud-bucket.s3.amazonaws.com/profile-pics/250240120045.jpg
250240120046,250240120046,250240120046,Student,User46,dac1046@campuscloud.in,9300000046,FEMALE,https://campus-cloud-bucket.s3.amazonaws.com/profile-pics/250240120046.jpg
250240120047,250240120047,250240120047,Student,User47,dac1047@campuscloud.in,9300000047,MALE,https://campus-cloud-bucket.s3.amazonaws.com/profile-pics/250240120047.jpg
250240120048,250240120048,250240120048,Student,User48,dac1048@campuscloud.in,9300000048,FEMALE,https://campus-cloud-bucket.s3.amazonaws.com/profile-pics/250240120048.jpg
250240120049,250240120049,250240120049,Student,User49,dac1049@campuscloud.in,9300000049,MALE,https://campus-cloud-bucket.s3.amazonaws.com/profile-pics/250240120049.jpg
250240120050,250240120050,250240120050,Student,User50,dac1050@campuscloud.in,9300000050,FEMALE,https://campus-cloud-bucket.s3.amazonaws.com/profile-pics/250240120050.jpg
250240120051,250240120051,250240120051,Student,User51,dac1051@campuscloud.in,9300000051,MALE,https://campus-cloud-bucket.s3.amazonaws.com/profile-pics/250240120051.jpg
250240120052,250240120052,250240120052,Student,User52,dac1052@campuscloud.in,9300000052,FEMALE,https://campus-cloud-bucket.s3.amazonaws.com/profile-pics/250240120052.jpg
250240120053,250240120053,250240120053,Student,User53,dac1053@campuscloud.in,9300000053,MALE,https://campus-cloud-bucket.s3.amazonaws.com/profile-pics/250240120053.jpg
250240120054,250240120054,250240120054,Student,User54,dac1054@campuscloud.in,9300000054,FEMALE,https://campus-cloud-bucket.s3.amazonaws.com/profile-pics/250240120054.jpg
250240120055,250240120055,250240120055,Student,User55,dac1055@campuscloud.in,9300000055,MALE,https://campus-cloud-bucket.s3.amazonaws.com/profile-pics/250240120055.jpg
250240120056,250240120056,250240120056,Student,User56,dac1056@campuscloud.in,9300000056,FEMALE,https://campus-cloud-bucket.s3.amazonaws.com/profile-pics/250240120056.jpg
250240120057,250240120057,250240120057,Student,User57,dac1057@campuscloud.in,9300000057,MALE,https://campus-cloud-bucket.s3.amazonaws.com/profile-pics/250240120057.jpg
250240120058,250240120058,250240120058,Student,User58,dac1058@campuscloud.in,9300000058,FEMALE,https://campus-cloud-bucket.s3.amazonaws.com/profile-pics/250240120058.jpg
250240120059,250240120059,250240120059,Student,User59,dac1059@campuscloud.in,9300000059,MALE,https://campus-cloud-bucket.s3.amazonaws.com/profile-pics/250240120059.jpg
250240120060,250240120060,250240120060,Student,User60,dac1060@campuscloud.in,9300000060,FEMALE,https://campus-cloud-bucket.s3.amazonaws.com/profile-pics/250240120060.jpg
250240120061,250240120061,250240120061,Student,User61,dac1061@campuscloud.in,9300000061,MALE,https://campus-cloud-bucket.s3.amazonaws.com/profile-pics/250240120061.jpg
250240120062,250240120062,250240120062,Student,User62,dac1062@campuscloud.in,9300000062,FEMALE,https://campus-cloud-bucket.s3.amazonaws.com/profile-pics/250240120062.jpg
250240120063,250240120063,250240120063,Student,User63,dac1063@campuscloud.in,9300000063,MALE,https://campus-cloud-bucket.s3.amazonaws.com/profile-pics/250240120063.jpg
250240120064,250240120064,250240120064,Student,User64,dac1064@campuscloud.in,9300000064,FEMALE,https://campus-cloud-bucket.s3.amazonaws.com/profile-pics/250240120064.jpg
250240120065,250240120065,250240120065,Student,User65,dac1065@campuscloud.in,9300000065,MALE,https://campus-cloud-bucket.s3.amazonaws.com/profile-pics/250240120065.jpg
250240120066,250240120066,250240120066,Student,User66,dac1066@campuscloud.in,9300000066,FEMALE,https://campus-cloud-bucket.s3.amazonaws.com/profile-pics/250240120066.jpg
250240120067,250240120067,250240120067,Student,User67,dac1067@campuscloud.in,9300000067,MALE,https://campus-cloud-bucket.s3.amazonaws.com/profile-pics/250240120067.jpg
250240120068,250240120068,250240120068,Student,User68,dac1068@campuscloud.in,9300000068,FEMALE,https://campus-cloud-bucket.s3.amazonaws.com/profile-pics/250240120068.jpg
250240120069,250240120069,250240120069,Student,User69,dac1069@campuscloud.in,9300000069,MALE,https://campus-cloud-bucket.s3.amazonaws.com/profile-pics/250240120069.jpg
250240120070,250240120070,250240120070,Student,User70,dac1070@campuscloud.in,9300000070,FEMALE,https://campus-cloud-bucket.s3.amazonaws.com/profile-pics/250240120070.jpg
250240120071,250240120071,250240120071,Student,User71,dac1071@campuscloud.in,9300000071,MALE,https://campus-cloud-bucket.s3.amazonaws.com/profile-pics/250240120071.jpg
250240120072,250240120072,250240120072,Student,User72,dac1072@campuscloud.in,9300000072,FEMALE,https://campus-cloud-bucket.s3.amazonaws.com/profile-pics/250240120072.jpg
250240120073,250240120073,250240120073,Student,User73,dac1073@campuscloud.in,9300000073,MALE,https://campus-cloud-bucket.s3.amazonaws.com/profile-pics/250240120073.jpg
250240120074,250240120074,250240120074,Student,User74,dac1074@campuscloud.in,9300000074,FEMALE,https://campus-cloud-bucket.s3.amazonaws.com/profile-pics/250240120074.jpg
250240120075,250240120075,250240120075,Student,User75,dac1075@campuscloud.in,9300000075,MALE,https://campus-cloud-bucket.s3.amazonaws.com/profile-pics/250240120075.jpg
250240120076,250240120076,250240120076,Student,User76,dac1076@campuscloud.in,9300000076,FEMALE,https://campus-cloud-bucket.s3.amazonaws.com/profile-pics/250240120076.jpg
250240120077,250240120077,250240120077,Student,User77,dac1077@campuscloud.in,9300000077,MALE,https://campus-cloud-bucket.s3.amazonaws.com/profile-pics/250240120077.jpg
250240120078,250240120078,250240120078,Student,User78,dac1078@campuscloud.in,9300000078,FEMALE,https://campus-cloud-bucket.s3.amazonaws.com/profile-pics/250240120078.jpg
250240120079,250240120079,250240120079,Student,User79,dac1079@campuscloud.in,9300000079,MALE,https://campus-cloud-bucket.s3.amazonaws.com/profile-pics/250240120079.jpg
250240120080,250240120080,250240120080,Student,User80,dac1080@campuscloud.in,9300000080,FEMALE,https://campus-cloud-bucket.s3.amazonaws.com/profile-pics/250240120080.jpg
250240120081,250240120081,250240120081,Student,User81,dac1081@campuscloud.in,9300000081,MALE,https://campus-cloud-bucket.s3.amazonaws.com/profile-pics/250240120081.jpg
250240120082,250240120082,250240120082,Student,User82,dac1082@campuscloud.in,9300000082,FEMALE,https://campus-cloud-bucket.s3.amazonaws.com/profile-pics/250240120082.jpg
250240120083,250240120083,250240120083,Student,User83,dac1083@campuscloud.in,9300000083,MALE,https://campus-cloud-bucket.s3.amazonaws.com/profile-pics/250240120083.jpg
250240120084,250240120084,250240120084,Student,User84,dac1084@campuscloud.in,9300000084,FEMALE,https://campus-cloud-bucket.s3.amazonaws.com/profile-pics/250240120084.jpg
250240120085,250240120085,250240120085,Student,User85,dac1085@campuscloud.in,9300000085,MALE,https://campus-cloud-bucket.s3.amazonaws.com/profile-pics/250240120085.jpg
250240120086,250240120086,250240120086,Student,User86,dac1086@campuscloud.in,9300000086,FEMALE,https://campus-cloud-bucket.s3.amazonaws.com/profile-pics/250240120086.jpg
250240120087,250240120087,250240120087,Student,User87,dac1087@campuscloud.in,9300000087,MALE,https://campus-cloud-bucket.s3.amazonaws.com/profile-pics/250240120087.jpg
250240120088,250240120088,250240120088,Student,User88,dac1088@campuscloud.in,9300000088,FEMALE,https://campus-cloud-bucket.s3.amazonaws.com/profile-pics/250240120088.jpg
250240120089,250240120089,250240120089,Student,User89,dac1089@campuscloud.in,9300000089,MALE,https://campus-cloud-bucket.s3.amazonaws.com/profile-pics/250240120089.jpg
250240120090,250240120090,250240120090,Student,User90,dac1090@campuscloud.in,9300000090,FEMALE,https://campus-cloud-bucket.s3.amazonaws.com/profile-pics/250240120090.jpg
250240120091,250240120091,250240120091,Student,User91,dac1091@campuscloud.in,9300000091,MALE,https://campus-cloud-bucket.s3.amazonaws.com/profile-pics/250240120091.jpg
250240120092,250240120092,250240120092,Student,User92,dac1092@campuscloud.in,9300000092,FEMALE,https://campus-cloud-bucket.s3.amazonaws.com/profile-pics/250240120092.jpg
250240120093,250240120093,250240120093,Student,User93,dac1093@campuscloud.in,9300000093,MALE,https://campus-cloud-bucket.s3.amazonaws.com/profile-pics/250240120093.jpg
250240120094,250240120094,250240120094,Student,User94,dac1094@campuscloud.in,9300000094,FEMALE,https://campus-cloud-bucket.s3.amazonaws.com/profile-pics/250240120094.jpg
250240120095,250240120095,250240120095,Student,User95,dac1095@campuscloud.in,9300000095,MALE,https://campus-cloud-bucket.s3.amazonaws.com/profile-pics/250240120095.jpg
250240120096,250240120096,250240120096,Student,User96,dac1096@campuscloud.in,9300000096,FEMALE,https://campus-cloud-bucket.s3.amazonaws.com/profile-pics/250240120096.jpg
250240120097,250240120097,250240120097,Student,User97,dac1097@campuscloud.in,9300000097,MALE,https://campus-cloud-bucket.s3.amazonaws.com/profile-pics/250240120097.jpg
250240120098,250240120098,250240120098,Student,User98,dac1098@campuscloud.in,9300000098,FEMALE,https://campus-cloud-bucket.s3.amazonaws.com/profile-pics/250240120098.jpg
250240120099,250240120099,250240120099,Student,User99,dac1099@campuscloud.in,9300000099,MALE,https://campus-cloud-bucket.s3.amazonaws.com/profile-pics/250240120099.jpg
250240120100,250240120100,250240120100,Student,User100,dac1100@campuscloud.in,9300000100,FEMALE,https://campus-cloud-bucket.s3.amazonaws.com/profile-pics/250240120100.jpg
250240120101,250240120101,250240120101,Student,User101,dac1101@campuscloud.in,9300000101,MALE,https://campus-cloud-bucket.s3.amazonaws.com/profile-pics/250240120101.jpg
250240120102,250240120102,250240120102,Student,User102,dac1102@campuscloud.in,9300000102,FEMALE,https://campus-cloud-bucket.s3.amazonaws.com/profile-pics/250240120102.jpg
250240120103,250240120103,250240120103,Student,User103,dac1103@campuscloud.in,9300000103,MALE,https://campus-cloud-bucket.s3.amazonaws.com/profile-pics/250240120103.jpg
250240120104,250240120104,250240120104,Student,User104,dac1104@campuscloud.in,9300000104,FEMALE,https://campus-cloud-bucket.s3.amazonaws.com/profile-pics/250240120104.jpg
250240120105,250240120105,250240120105,Student,User105,dac1105@campuscloud.in,9300000105,MALE,https://campus-cloud-bucket.s3.amazonaws.com/profile-pics/250240120105.jpg
250240120106,250240120106,250240120106,Student,User106,dac1106@campuscloud.in,9300000106,FEMALE,https://campus-cloud-bucket.s3.amazonaws.com/profile-pics/250240120106.jpg
250240120107,250240120107,250240120107,Student,User107,dac1107@campuscloud.in,9300000107,MALE,https://campus-cloud-bucket.s3.amazonaws.com/profile-pics/250240120107.jpg
250240120108,250240120108,250240120108,Student,User108,dac1108@campuscloud.in,9300000108,FEMALE,https://campus-cloud-bucket.s3.amazonaws.com/profile-pics/250240120108.jpg
250240120109,250240120109,250240120109,Student,User109,dac1109@campuscloud.in,9300000109,MALE,https://campus-cloud-bucket.s3.amazonaws.com/profile-pics/250240120109.jpg
250240120110,250240120110,250240120110,Student,User110,dac1110@campuscloud.in,9300000110,FEMALE,https://campus-cloud-bucket.s3.amazonaws.com/profile-pics/250240120110.jpg
250240120111,250240120111,250240120111,Student,User111,dac1111@campuscloud.in,9300000111,MALE,https://campus-cloud-bucket.s3.amazonaws.com/profile-pics/250240120111.jpg
250240120112,250240120112,250240120112,Student,User112,dac1112@campuscloud.in,9300000112,FEMALE,https://campus-cloud-bucket.s3.amazonaws.com/profile-pics/250240120112.jpg
250240120113,250240120113,250240120113,Student,User113,dac1113@campuscloud.in,9300000113,MALE,https://campus-cloud-bucket.s3.amazonaws.com/profile-pics/250240120113.jpg
250240120114,250240120114,250240120114,Student,User114,dac1114@campuscloud.in,9300000114,FEMALE,https://campus-cloud-bucket.s3.amazonaws.com/profile-pics/250240120114.jpg
250240120115,250240120115,250240120115,Student,User115,dac1115@campuscloud.in,9300000115,MALE,https://campus-cloud-bucket.s3.amazonaws.com/profile-pics/250240120115.jpg
250240120116,250240120116,250240120116,Student,User116,dac1116@campuscloud.in,9300000116,FEMALE,https://campus-cloud-bucket.s3.amazonaws.com/profile-pics/250240120116.jpg
250240120117,250240120117,250240120117,Student,User117,dac1117@campuscloud.in,9300000117,MALE,https://campus-cloud-bucket.s3.amazonaws.com/profile-pics/250240120117.jpg
250240120118,250240120118,250240120118,Student,User118,dac1118@campuscloud.in,9300000118,FEMALE,https://campus-cloud-bucket.s3.amazonaws.com/profile-pics/250240120118.jpg
250240120119,250240120119,250240120119,Student,User119,dac1119@campuscloud.in,9300000119,MALE,https://campus-cloud-bucket.s3.amazonaws.com/profile-pics/250240120119.jpg
250240120120,250240120120,250240120120,Student,User120,dac1120@campuscloud.in,9300000120,FEMALE,https://campus-cloud-bucket.s3.amazonaws.com/profile-pics/250240120120.jpg
250240120121,250240120121,250240120121,Student,User121,dac1121@campuscloud.in,9300000121,MALE,https://campus-cloud-bucket.s3.amazonaws.com/profile-pics/250240120121.jpg
250240120122,250240120122,250240120122,Student,User122,dac1122@campuscloud.in,9300000122,FEMALE,https://campus-cloud-bucket.s3.amazonaws.com/profile-pics/250240120122.jpg
250240120123,250240120123,250240120123,Student,User123,dac1123@campuscloud.in,9300000123,MALE,https://campus-cloud-bucket.s3.amazonaws.com/profile-pics/250240120123.jpg
250240120124,250240120124,250240120124,Student,User124,dac1124@campuscloud.in,9300000124,FEMALE,https://campus-cloud-bucket.s3.amazonaws.com/profile-pics/250240120124.jpg
250240120125,250240120125,250240120125,Student,User125,dac1125@campuscloud.in,9300000125,MALE,https://campus-cloud-bucket.s3.amazonaws.com/profile-pics/250240120125.jpg
250240120126,250240120126,250240120126,Student,User126,dac1126@campuscloud.in,9300000126,FEMALE,https://campus-cloud-bucket.s3.amazonaws.com/profile-pics/250240120126.jpg
250240120127,250240120127,250240120127,Student,User127,dac1127@campuscloud.in,9300000127,MALE,https://campus-cloud-bucket.s3.amazonaws.com/profile-pics/250240120127.jpg
250240120128,250240120128,250240120128,Student,User128,dac1128@campuscloud.in,9300000128,FEMALE,https://campus-cloud-bucket.s3.amazonaws.com/profile-pics/250240120128.jpg
250240120129,250240120129,250240120129,Student,User129,dac1129@campuscloud.in,9300000129,MALE,https://campus-cloud-bucket.s3.amazonaws.com/profile-pics/250240120129.jpg
250240120130,250240120130,250240120130,Student,User130,dac1130@campuscloud.in,9300000130,FEMALE,https://campus-cloud-bucket.s3.amazonaws.com/profile-pics/250240120130.jpg
250240120131,250240120131,250240120131,Student,User131,dac1131@campuscloud.in,9300000131,MALE,https://campus-cloud-bucket.s3.amazonaws.com/profile-pics/250240120131.jpg
250240120132,250240120132,250240120132,Student,User132,dac1132@campuscloud.in,9300000132,FEMALE,https://campus-cloud-bucket.s3.amazonaws.com/profile-pics/250240120132.jpg
250240120133,250240120133,250240120133,Student,User133,dac1133@campuscloud.in,9300000133,MALE,https://campus-cloud-bucket.s3.amazonaws.com/profile-pics/250240120133.jpg
250240120134,250240120134,250240120134,Student,User134,dac1134@campuscloud.in,9300000134,FEMALE,https://campus-cloud-bucket.s3.amazonaws.com/profile-pics/250240120134.jpg
250240120135,250240120135,250240120135,Student,User135,dac1135@campuscloud.in,9300000135,MALE,https://campus-cloud-bucket.s3.amazonaws.com/profile-pics/250240120135.jpg
250240120136,250240120136,250240120136,Student,User136,dac1136@campuscloud.in,9300000136,FEMALE,https://campus-cloud-bucket.s3.amazonaws.com/profile-pics/250240120136.jpg
250240120137,250240120137,250240120137,Student,User137,dac1137@campuscloud.in,9300000137,MALE,https://campus-cloud-bucket.s3.amazonaws.com/profile-pics/250240120137.jpg
250240120138,250240120138,250240120138,Student,User138,dac1138@campuscloud.in,9300000138,FEMALE,https://campus-cloud-bucket.s3.amazonaws.com/profile-pics/250240120138.jpg
250240120139,250240120139,250240120139,Student,User139,dac1139@campuscloud.in,9300000139,MALE,https://campus-cloud-bucket.s3.amazonaws.com/profile-pics/250240120139.jpg
250240120140,250240120140,250240120140,Student,User140,dac1140@campuscloud.in,9300000140,FEMALE,https://campus-cloud-bucket.s3.amazonaws.com/profile-pics/250240120140.jpg
250240120141,250240120141,250240120141,Student,User141,dac1141@campuscloud.in,9300000141,MALE,https://campus-cloud-bucket.s3.amazonaws.com/profile-pics/250240120141.jpg
250240120142,250240120142,250240120142,Student,User142,dac1142@campuscloud.in,9300000142,FEMALE,https://campus-cloud-bucket.s3.amazonaws.com/profile-pics/250240120142.jpg
250240120143,250240120143,250240120143,Student,User143,dac1143@campuscloud.in,9300000143,MALE,https://campus-cloud-bucket.s3.amazonaws.com/profile-pics/250240120143.jpg
250240120144,250240120144,250240120144,Student,User144,dac1144@campuscloud.in,9300000144,FEMALE,https://campus-cloud-bucket.s3.amazonaws.com/profile-pics/250240120144.jpg
250240120145,250240120145,250240120145,Student,User145,dac1145@campuscloud.in,9300000145,MALE,https://campus-cloud-bucket.s3.amazonaws.com/profile-pics/250240120145.jpg
250240120146,250240120146,250240120146,Student,User146,dac1146@campuscloud.in,9300000146,FEMALE,https://campus-cloud-bucket.s3.amazonaws.com/profile-pics/250240120146.jpg
250240120147,250240120147,250240120147,Student,User147,dac1147@campuscloud.in,9300000147,MALE,https://campus-cloud-bucket.s3.amazonaws.com/profile-pics/250240120147.jpg
250240120148,250240120148,250240120148,Student,User148,dac1148@campuscloud.in,9300000148,FEMALE,https://campus-cloud-bucket.s3.amazonaws.com/profile-pics/250240120148.jpg
250240120149,250240120149,250240120149,Student,User149,dac1149@campuscloud.in,9300000149,MALE,https://campus-cloud-bucket.s3.amazonaws.com/profile-pics/250240120149.jpg
250240120150,250240120150,250240120150,Student,User150,dac1150@campuscloud.in,9300000150,FEMALE,https://campus-cloud-bucket.s3.amazonaws.com/profile-pics/250240120150.jpg
250240120151,250240120151,250240120151,Student,User151,dac1151@campuscloud.in,9300000151,MALE,https://campus-cloud-bucket.s3.amazonaws.com/profile-pics/250240120151.jpg
250240120152,250240120152,250240120152,Student,User152,dac1152@campuscloud.in,9300000152,FEMALE,https://campus-cloud-bucket.s3.amazonaws.com/profile-pics/250240120152.jpg
250240120153,250240120153,250240120153,Student,User153,dac1153@campuscloud.in,9300000153,MALE,https://campus-cloud-bucket.s3.amazonaws.com/profile-pics/250240120153.jpg
250240120154,250240120154,250240120154,Student,User154,dac1154@campuscloud.in,9300000154,FEMALE,https://campus-cloud-bucket.s3.amazonaws.com/profile-pics/250240120154.jpg
250240120155,250240120155,250240120155,Student,User155,dac1155@campuscloud.in,9300000155,MALE,https://campus-cloud-bucket.s3.amazonaws.com/profile-pics/250240120155.jpg
250240120156,250240120156,250240120156,Student,User156,dac1156@campuscloud.in,9300000156,FEMALE,https://campus-cloud-bucket.s3.amazonaws.com/profile-pics/250240120156.jpg
250240120157,250240120157,250240120157,Student,User157,dac1157@campuscloud.in,9300000157,MALE,https://campus-cloud-bucket.s3.amazonaws.com/profile-pics/250240120157.jpg
250240120158,250240120158,250240120158,Student,User158,dac1158@campuscloud.in,9300000158,FEMALE,https://campus-cloud-bucket.s3.amazonaws.com/profile-pics/250240120158.jpg
250240120159,250240120159,250240120159,Student,User159,dac1159@campuscloud.in,9300000159,MALE,https://campus-cloud-bucket.s3.amazonaws.com/profile-pics/250240120159.jpg
250240120160,250240120160,250240120160,Student,User160,dac1160@campuscloud.in,9300000160,FEMALE,https://campus-cloud-bucket.s3.amazonaws.com/profile-pics/250240120160.jpg
250240120161,250240120161,250240120161,Student,User161,dac1161@campuscloud.in,9300000161,MALE,https://campus-cloud-bucket.s3.amazonaws.com/profile-pics/250240120161.jpg
250240120162,250240120162,250240120162,Student,User162,dac1162@campuscloud.in,9300000162,FEMALE,https://campus-cloud-bucket.s3.amazonaws.com/profile-pics/250240120162.jpg
250240120163,250240120163,250240120163,Student,User163,dac1163@campuscloud.in,9300000163,MALE,https://campus-cloud-bucket.s3.amazonaws.com/profile-pics/250240120163.jpg
250240120164,250240120164,250240120164,Student,User164,dac1164@campuscloud.in,9300000164,FEMALE,https://campus-cloud-bucket.s3.amazonaws.com/profile-pics/250240120164.jpg
250240120165,250240120165,250240120165,Student,User165,dac1165@campuscloud.in,9300000165,MALE,https://campus-cloud-bucket.s3.amazonaws.com/profile-pics/250240120165.jpg
250240120166,250240120166,250240120166,Student,User166,dac1166@campuscloud.in,9300000166,FEMALE,https://campus-cloud-bucket.s3.amazonaws.com/profile-pics/250240120166.jpg
250240120167,250240120167,250240120167,Student,User167,dac1167@campuscloud.in,9300000167,MALE,https://campus-cloud-bucket.s3.amazonaws.com/profile-pics/250240120167.jpg
250240120168,250240120168,250240120168,Student,User168,dac1168@campuscloud.in,9300000168,FEMALE,https://campus-cloud-bucket.s3.amazonaws.com/profile-pics/250240120168.jpg
250240120169,250240120169,250240120169,Student,User169,dac1169@campuscloud.in,9300000169,MALE,https://campus-cloud-bucket.s3.amazonaws.com/profile-pics/250240120169.jpg
250240120170,250240120170,250240120170,Student,User170,dac1170@campuscloud.in,9300000170,FEMALE,https://campus-cloud-bucket.s3.amazonaws.com/profile-pics/250240120170.jpg
250240120171,250240120171,250240120171,Student,User171,dac1171@campuscloud.in,9300000171,MALE,https://campus-cloud-bucket.s3.amazonaws.com/profile-pics/250240120171.jpg
250240120172,250240120172,250240120172,Student,User172,dac1172@campuscloud.in,9300000172,FEMALE,https://campus-cloud-bucket.s3.amazonaws.com/profile-pics/250240120172.jpg
250240120173,250240120173,250240120173,Student,User173,dac1173@campuscloud.in,9300000173,MALE,https://campus-cloud-bucket.s3.amazonaws.com/profile-pics/250240120173.jpg
250240120174,250240120174,250240120174,Student,User174,dac1174@campuscloud.in,9300000174,FEMALE,https://campus-cloud-bucket.s3.amazonaws.com/profile-pics/250240120174.jpg
250240120175,250240120175,250240120175,Student,User175,dac1175@campuscloud.in,9300000175,MALE,https://campus-cloud-bucket.s3.amazonaws.com/profile-pics/250240120175.jpg
250240120176,250240120176,250240120176,Student,User176,dac1176@campuscloud.in,9300000176,FEMALE,https://campus-cloud-bucket.s3.amazonaws.com/profile-pics/250240120176.jpg
250240120177,250240120177,250240120177,Student,User177,dac1177@campuscloud.in,9300000177,MALE,https://campus-cloud-bucket.s3.amazonaws.com/profile-pics/250240120177.jpg
250240120178,250240120178,250240120178,Student,User178,dac1178@campuscloud.in,9300000178,FEMALE,https://campus-cloud-bucket.s3.amazonaws.com/profile-pics/250240120178.jpg
250240120179,250240120179,250240120179,Student,User179,dac1179@campuscloud.in,9300000179,MALE,https://campus-cloud-bucket.s3.amazonaws.com/profile-pics/250240120179.jpg
250240120180,250240120180,250240120180,Student,User180,dac1180@campuscloud.in,9300000180,FEMALE,https://campus-cloud-bucket.s3.amazonaws.com/profile-pics/250240120180.jpg
250240120181,250240120181,250240120181,Student,User181,dac1181@campuscloud.in,9300000181,MALE,https://campus-cloud-bucket.s3.amazonaws.com/profile-pics/250240120181.jpg
250240120182,250240120182,250240120182,Student,User182,dac1182@campuscloud.in,9300000182,FEMALE,https://campus-cloud-bucket.s3.amazonaws.com/profile-pics/250240120182.jpg
250240120183,250240120183,250240120183,Student,User183,dac1183@campuscloud.in,9300000183,MALE,https://campus-cloud-bucket.s3.amazonaws.com/profile-pics/250240120183.jpg
250240120184,250240120184,250240120184,Student,User184,dac1184@campuscloud.in,9300000184,FEMALE,https://campus-cloud-bucket.s3.amazonaws.com/profile-pics/250240120184.jpg
250240120185,250240120185,250240120185,Student,User185,dac1185@campuscloud.in,9300000185,MALE,https://campus-cloud-bucket.s3.amazonaws.com/profile-pics/250240120185.jpg
250240120186,250240120186,250240120186,Student,User186,dac1186@campuscloud.in,9300000186,FEMALE,https://campus-cloud-bucket.s3.amazonaws.com/profile-pics/250240120186.jpg
250240120187,250240120187,250240120187,Student,User187,dac1187@campuscloud.in,9300000187,MALE,https://campus-cloud-bucket.s3.amazonaws.com/profile-pics/250240120187.jpg
250240120188,250240120188,250240120188,Student,User188,dac1188@campuscloud.in,9300000188,FEMALE,https://campus-cloud-bucket.s3.amazonaws.com/profile-pics/250240120188.jpg
250240120189,250240120189,250240120189,Student,User189,dac1189@campuscloud.in,9300000189,MALE,https://campus-cloud-bucket.s3.amazonaws.com/profile-pics/250240120189.jpg
250240120190,250240120190,250240120190,Student,User190,dac1190@campuscloud.in,9300000190,FEMALE,https://campus-cloud-bucket.s3.amazonaws.com/profile-pics/250240120190.jpg
250240120191,250240120191,250240120191,Student,User191,dac1191@campuscloud.in,9300000191,MALE,https://campus-cloud-bucket.s3.amazonaws.com/profile-pics/250240120191.jpg
250240120192,250240120192,250240120192,Student,User192,dac1192@campuscloud.in,9300000192,FEMALE,https://campus-cloud-bucket.s3.amazonaws.com/profile-pics/250240120192.jpg
250240120193,250240120193,250240120193,Student,User193,dac1193@campuscloud.in,9300000193,MALE,https://campus-cloud-bucket.s3.amazonaws.com/profile-pics/250240120193.jpg
250240120194,250240120194,250240120194,Student,User194,dac1194@campuscloud.in,9300000194,FEMALE,https://campus-cloud-bucket.s3.amazonaws.com/profile-pics/250240120194.jpg
250240120195,250240120195,250240120195,Student,User195,dac1195@campuscloud.in,9300000195,MALE,https://campus-cloud-bucket.s3.amazonaws.com/profile-pics/250240120195.jpg
250240120196,250240120196,250240120196,Student,User196,dac1196@campuscloud.in,9300000196,FEMALE,https://campus-cloud-bucket.s3.amazonaws.com/profile-pics/250240120196.jpg
250240120197,250240120197,250240120197,Student,User197,dac1197@campuscloud.in,9300000197,MALE,https://campus-cloud-bucket.s3.amazonaws.com/profile-pics/250240120197.jpg
250240120198,250240120198,250240120198,Student,User198,dac1198@campuscloud.in,9300000198,FEMALE,https://campus-cloud-bucket.s3.amazonaws.com/profile-pics/250240120198.jpg
250240120199,250240120199,250240120199,Student,User199,dac1199@campuscloud.in,9300000199,MALE,https://campus-cloud-bucket.s3.amazonaws.com/profile-pics/250240120199.jpg
250240120200,250240120200,250240120200,Student,User200,dac1200@campuscloud.in,9300000200,FEMALE,https://campus-cloud-bucket.s3.amazonaws.com/profile-pics/250240120200.jpg
250240120201,250240120201,250240120201,Student,User201,dac1201@campuscloud.in,9300000201,MALE,https://campus-cloud-bucket.s3.amazonaws.com/profile-pics/250240120201.jpg
250240120202,250240120202,250240120202,Student,User202,dac1202@campuscloud.in,9300000202,FEMALE,https://campus-cloud-bucket.s3.amazonaws.com/profile-pics/250240120202.jpg
250240120203,250240120203,250240120203,Student,User203,dac1203@campuscloud.in,9300000203,MALE,https://campus-cloud-bucket.s3.amazonaws.com/profile-pics/250240120203.jpg
250240120204,250240120204,250240120204,Student,User204,dac1204@campuscloud.in,9300000204,FEMALE,https://campus-cloud-bucket.s3.amazonaws.com/profile-pics/250240120204.jpg
250240120205,250240120205,250240120205,Student,User205,dac1205@campuscloud.in,9300000205,MALE,https://campus-cloud-bucket.s3.amazonaws.com/profile-pics/250240120205.jpg
250240120206,250240120206,250240120206,Student,User206,dac1206@campuscloud.in,9300000206,FEMALE,https://campus-cloud-bucket.s3.amazonaws.com/profile-pics/250240120206.jpg
250240120207,250240120207,250240120207,Student,User207,dac1207@campuscloud.in,9300000207,MALE,https://campus-cloud-bucket.s3.amazonaws.com/profile-pics/250240120207.jpg
250240120208,250240120208,250240120208,Student,User208,dac1208@campuscloud.in,9300000208,FEMALE,https://campus-cloud-bucket.s3.amazonaws.com/profile-pics/250240120208.jpg
250240120209,250240120209,250240120209,Student,User209,dac1209@campuscloud.in,9300000209,MALE,https://campus-cloud-bucket.s3.amazonaws.com/profile-pics/250240120209.jpg
250240120210,250240120210,250240120210,Student,User210,dac1210@campuscloud.in,9300000210,FEMALE,https://campus-cloud-bucket.s3.amazonaws.com/profile-pics/250240120210.jpg
250240120211,250240120211,250240120211,Student,User211,dac1211@campuscloud.in,9300000211,MALE,https://campus-cloud-bucket.s3.amazonaws.com/profile-pics/250240120211.jpg
250240120212,250240120212,250240120212,Student,User212,dac1212@campuscloud.in,9300000212,FEMALE,https://campus-cloud-bucket.s3.amazonaws.com/profile-pics/250240120212.jpg
250240120213,250240120213,250240120213,Student,User213,dac1213@campuscloud.in,9300000213,MALE,https://campus-cloud-bucket.s3.amazonaws.com/profile-pics/250240120213.jpg
250240120214,250240120214,250240120214,Student,User214,dac1214@campuscloud.in,9300000214,FEMALE,https://campus-cloud-bucket.s3.amazonaws.com/profile-pics/250240120214.jpg
250240120215,250240120215,250240120215,Student,User215,dac1215@campuscloud.in,9300000215,MALE,https://campus-cloud-bucket.s3.amazonaws.com/profile-pics/250240120215.jpg
250240120216,250240120216,250240120216,Student,User216,dac1216@campuscloud.in,9300000216,FEMALE,https://campus-cloud-bucket.s3.amazonaws.com/profile-pics/250240120216.jpg
250240120217,250240120217,250240120217,Student,User217,dac1217@campuscloud.in,9300000217,MALE,https://campus-cloud-bucket.s3.amazonaws.com/profile-pics/250240120217.jpg
250240120218,250240120218,250240120218,Student,User218,dac1218@campuscloud.in,9300000218,FEMALE,https://campus-cloud-bucket.s3.amazonaws.com/profile-pics/250240120218.jpg
250240120219,250240120219,250240120219,Student,User219,dac1219@campuscloud.in,9300000219,MALE,https://campus-cloud-bucket.s3.amazonaws.com/profile-pics/250240120219.jpg
250240120220,250240120220,250240120220,Student,User220,dac1220@campuscloud.in,9300000220,FEMALE,https://campus-cloud-bucket.s3.amazonaws.com/profile-pics/250240120220.jpg
250240120221,250240120221,250240120221,Student,User221,dac1221@campuscloud.in,9300000221,MALE,https://campus-cloud-bucket.s3.amazonaws.com/profile-pics/250240120221.jpg
250240120222,250240120222,250240120222,Student,User222,dac1222@campuscloud.in,9300000222,FEMALE,https://campus-cloud-bucket.s3.amazonaws.com/profile-pics/250240120222.jpg
250240120223,250240120223,250240120223,Student,User223,dac1223@campuscloud.in,9300000223,MALE,https://campus-cloud-bucket.s3.amazonaws.com/profile-pics/250240120223.jpg
250240120224,250240120224,250240120224,Student,User224,dac1224@campuscloud.in,9300000224,FEMALE,https://campus-cloud-bucket.s3.amazonaws.com/profile-pics/250240120224.jpg
250240120225,250240120225,250240120225,Student,User225,dac1225@campuscloud.in,9300000225,MALE,https://campus-cloud-bucket.s3.amazonaws.com/profile-pics/250240120225.jpg
250240120226,250240120226,250240120226,Student,User226,dac1226@campuscloud.in,9300000226,FEMALE,https://campus-cloud-bucket.s3.amazonaws.com/profile-pics/250240120226.jpg
250240120227,250240120227,250240120227,Student,User227,dac1227@campuscloud.in,9300000227,MALE,https://campus-cloud-bucket.s3.amazonaws.com/profile-pics/250240120227.jpg
250240120228,250240120228,250240120228,Student,User228,dac1228@campuscloud.in,9300000228,FEMALE,https://campus-cloud-bucket.s3.amazonaws.com/profile-pics/250240120228.jpg
250240120229,250240120229,250240120229,Student,User229,dac1229@campuscloud.in,9300000229,MALE,https://campus-cloud-bucket.s3.amazonaws.com/profile-pics/250240120229.jpg
250240120230,250240120230,250240120230,Student,User230,dac1230@campuscloud.in,9300000230,FEMALE,https://campus-cloud-bucket.s3.amazonaws.com/profile-pics/250240120230.jpg
250240120231,250240120231,250240120231,Student,User231,dac1231@campuscloud.in,9300000231,MALE,https://campus-cloud-bucket.s3.amazonaws.com/profile-pics/250240120231.jpg
250240120232,250240120232,250240120232,Student,User232,dac1232@campuscloud.in,9300000232,FEMALE,https://campus-cloud-bucket.s3.amazonaws.com/profile-pics/250240120232.jpg
250240120233,250240120233,250240120233,Student,User233,dac1233@campuscloud.in,9300000233,MALE,https://campus-cloud-bucket.s3.amazonaws.com/profile-pics/250240120233.jpg
250240120234,250240120234,250240120234,Student,User234,dac1234@campuscloud.in,9300000234,FEMALE,https://campus-cloud-bucket.s3.amazonaws.com/profile-pics/250240120234.jpg
250240120235,250240120235,250240120235,Student,User235,dac1235@campuscloud.in,9300000235,MALE,https://campus-cloud-bucket.s3.amazonaws.com/profile-pics/250240120235.jpg
250240120236,250240120236,250240120236,Student,User236,dac1236@campuscloud.in,9300000236,FEMALE,https://campus-cloud-bucket.s3.amazonaws.com/profile-pics/250240120236.jpg
250240120237,250240120237,250240120237,Student,User237,dac1237@campuscloud.in,9300000237,MALE,https://campus-cloud-bucket.s3.amazonaws.com/profile-pics/250240120237.jpg
250240120238,250240120238,250240120238,Student,User238,dac1238@campuscloud.in,9300000238,FEMALE,https://campus-cloud-bucket.s3.amazonaws.com/profile-pics/250240120238.jpg
250240120239,250240120239,250240120239,Student,User239,dac1239@campuscloud.in,9300000239,MALE,https://campus-cloud-bucket.s3.amazonaws.com/profile-pics/250240120239.jpg
250240120240,250240120240,250240120240,Student,User240,dac1240@campuscloud.in,9300000240,FEMALE,https://campus-cloud-bucket.s3.amazonaws.com/profile-pics/250240120240.jpg
